Name,Email,Phone,Summary,Skills,Professional Experience,Education,Filename
Alex Kim,Email: alex.kim@email.com,Phone: (555) 444-5566,Summary Data Scientist with a passion for financial forecasting and modeling.,"Python, SQL, MATLAB Financial Analysis Time Series Modeling Machine Learning (scikit-learn)",Data Scientist | FinSight | 2022·2025 Created time series models for stock prediction. Automated data extraction from financial APIs. Business Analyst | MarketMove | 2020·2022 Conducted market analysis for investment strategy.,"M.A. in Economics, Finance Institute, 2020",synthetic_resumes_04.pdf
Thomas Müller,Email: thomas.mueller@email.com,Phone: (555) 567-8901,"Summary Experienced professional focused on talent management, staff development, and organizational compliance. Consistently ensures smooth internal processes and positive team dynamics.",Talent Management Performance Evaluation Coordination Compliance Documentation Staff Training Benefit Program Administration,Team Development Coordinator | EngagePlus | 2021·2025 Led initiatives for professional growth and staff recognition. Organized performance review cycles and prepared related reports. Maintained compliance records for internal audits. Operations Support Specialist | GrowthPath Solutions | 2018·2021 Managed benefit programs and facilitated training workshops. Provided ongoing support to management and staff.,"M.A. in Leadership and Management, Eastside University, 2018",synthetic_resume_20.pdf
Chloe Dubois,Email: chloe.dubois@email.com,Phone: (555) 556-6778,Summary Software Developer experienced in cross-platform desktop applications.,"C++, Qt, Python Git, Jira UI/UX Design",Software Developer | DeskSoft | 2022·2025 Developed desktop applications for productivity. Collaborated with QA for testing and deployment. Intern | AppDesk | 2021·2022 Assisted in porting apps to Linux.,"M.Sc. in Computer Science, National Polytechnic, 2021",synthetic_resume_13.pdf
Jordan Lee,Email: jordan.lee@email.com,Phone: (555) 123-7890,"Summary Professional with a strong background in team development, employee support, and recruitment. Experienced in fostering positive workplace environments and streamlining onboarding processes.",Talent Acquisition Staff Training & Development Payroll Management Conflict Resolution Policy Administration,Talent Acquisition Specialist | BrightPath Solutions | 2022·2025 Oversaw recruitment campaigns to attract high-quality candidates. Enhanced onboarding programs for new team members. Coordinated employee satisfaction surveys and follow-ups. Personnel Coordinator | TeamGrowth Inc. | 2020·2022 Managed payroll processing and attendance records. Facilitated training workshops and career development sessions.,"B.A. in Business Administration, Metro City College, 2020",synthetic_generic_16.pdf
Michael Zhang,Email: michael.zhang@email.com,Phone: (555) 222-3344,Summary Data Scientist specializing in NLP and big data analytics.,"Python, Scala, Spark Natural Language Processing Hadoop, Hive Data Cleaning",NLP Data Scientist | LinguaTech | 2022·2025 Developed NLP models for sentiment analysis. Implemented Spark jobs for large text datasets. Data Engineer | InfoGrid | 2020·2022 Maintained ETL pipelines with Hadoop ecosystem.,"M.S. in Computer Science, City College, 2020",synthetic_resumes_02.pdf
Alicia Ramirez,Email: alicia.ramirez@email.com,Phone: (555) 234-5678,"Summary Experienced in employee engagement, recruitment logistics, and workplace operations. Adept at supporting organizational growth through effective team management.",Recruitment Coordination Benefits Administration Performance Review Facilitation Employee Relations Compliance Monitoring,People Operations Coordinator | NextGen Enterprises | 2021·2025 Coordinated end-to-end recruitment processes and interview scheduling. Assisted in benefits enrollment and managed employee documentation. Supported staff engagement programs. Staff Support Assistant | OfficeFlow Solutions | 2019·2021 Prepared documentation for performance evaluations. Assisted with compliance tracking and record maintenance.,"B.B.A. in Management, Western Business School, 2019",resume_generic_02.pdf
Kevin O'Malley,Email: kevin.omalley@email.com,Phone: (555) 345-6789,"Summary Detail-oriented professional skilled in staff onboarding, payroll oversight, and team communication. Recognized for optimizing workplace procedures and enhancing employee satisfaction.",Onboarding & Orientation Payroll Processing Workplace Communication Data Reporting Training Coordination,Personnel Services Specialist | WorkConnect Group | 2022·2025 Managed onboarding sessions for new hires. Processed payroll and tracked attendance records. Coordinated internal training events. Team Support Associate | Enterprise Solutions | 2019·2022 Maintained employee records and assisted with policy updates. Supported management in organizing company-wide meetings.,"B.S. in Organizational Studies, State University, 2019",resume_generic_03.pdf
Maria Garcia,Email: maria.garcia@email.com,Phone: (555) 334-4556,Summary Front End Developer passionate about user experience and interface design.,"HTML, CSS, JavaScript React, Redux SASS, Bootstrap Figma",Front End Developer | Designify | 2022·2025 Created interactive web interfaces for clients. Worked closely with designers for pixel-perfect UIs. Web Developer | CreativeWeb | 2020·2022 Maintained and updated company website.,"B.A. in Web Design, Art & Tech University, 2020",synthetic_resumes_11.pdf
Emily Nguyen,Email: emily.nguyen@email.com,Phone: (555) 112-2334,Summary Software Developer focused on mobile application development.,"Kotlin, Java Android SDK REST API Integration SQLite",Android Developer | AppGenius | 2021·2025 Built and maintained Android apps with 100K+ downloads. Integrated RESTful APIs and push notifications. Intern | MobileWave | 2020·2021 Assisted with UI/UX improvements for mobile apps.,"B.Sc. in Computer Engineering, Tech College, 2020",synthetic_resumes_09.pdf
Fatima Alvi,Email: fatima.alvi@email.com,Phone: (555) 333-4455,Summary Results-driven Data Scientist with expertise in healthcare analytics.,"R, Python, SQL, SAS Predictive Modeling Data Visualization (Matplotlib, Seaborn) Clinical Data Analysis",Healthcare Data Scientist | MediCore | 2021·2025 Built disease prediction models. Visualized large clinical datasets. Data Analyst | HealthFirst | 2019·2021 Processed and analyzed patient records.,"M.Sc. in Biostatistics, National University, 2019",synthetic_resumes_03.pdf
Omar Hassan,Email: omar.hassan@email.com,Phone: (555) 666-7788,Summary Analytical Data Scientist with a focus on transportation and logistics.,"Python, SQL, Tableau Optimization Algorithms Data Visualization GIS Mapping",Data Scientist | MoveLogix | 2022·2025 Optimized delivery routes using data analytics. Built dashboards for operational KPIs. Logistics Analyst | TransFleet | 2020·2022 Analyzed transportation data for efficiency.,"M.Eng. in Industrial Engineering, Tech Institute, 2020",synthetic_resumes_06.pdf
Alicia Ramirez,Email: alicia.ramirez@email.com,Phone: (555) 234-5678,"Summary Experienced in employee engagement, recruitment logistics, and workplace operations. Adept at supporting organizational growth through effective team management.",Recruitment Coordination Benefits Administration Performance Review Facilitation Employee Relations Compliance Monitoring,People Operations Coordinator | NextGen Enterprises | 2021·2025 Coordinated end-to-end recruitment processes and interview scheduling. Assisted in benefits enrollment and managed employee documentation. Supported staff engagement programs. Staff Support Assistant | OfficeFlow Solutions | 2019·2021 Prepared documentation for performance evaluations. Assisted with compliance tracking and record maintenance.,"B.B.A. in Management, Western Business School, 2019",synthetic_resume_17.pdf
Sonia Patel,Email: sonia.patel@email.com,Phone: (555) 456-7890,"Summary Resourceful operations specialist with experience in staffing, team support, and policy implementation. Strong focus on improving workplace efficiency and employee engagement.",Staffing and Interview Coordination Benefits & Compensation Support Employee Communications Dispute Resolution Policy Documentation,Workforce Operations Coordinator | PrimeWorks | 2023·2025 Coordinated interview schedules and candidate communications. Supported benefits inquiries and assisted with payroll tasks. Maintained up-to-date workplace policies. People Support Assistant | Unity Group | 2020·2023 Provided support for employee relations and dispute resolution. Helped organize staff events and training.,"B.A. in Communication Management, Riverdale College, 2020",synthetic_resume_19.pdf
John Smith,Email: john.smith@email.com,Phone: (555) 987-6543,Summary Full Stack Software Developer with 5 years of experience in web and application development.,"JavaScript, React, Node.js Java, Spring Boot SQL, MongoDB Docker, Git",Software Developer | Webify | 2022·2025 Developed scalable web applications using React and Node.js. Led a team of 4 developers in agile projects. Junior Developer | CodeBase | 2020·2022 Maintained legacy Java applications.,"B.Tech in Computer Science, State University, 2020",synthetic_resumes_08.pdf
Kevin O'Malley,Email: kevin.omalley@email.com,Phone: (555) 345-6789,"Summary Detail-oriented professional skilled in staff onboarding, payroll oversight, and team communication. Recognized for optimizing workplace procedures and enhancing employee satisfaction.",Onboarding & Orientation Payroll Processing Workplace Communication Data Reporting Training Coordination,Personnel Services Specialist | WorkConnect Group | 2022·2025 Managed onboarding sessions for new hires. Processed payroll and tracked attendance records. Coordinated internal training events. Team Support Associate | Enterprise Solutions | 2019·2022 Maintained employee records and assisted with policy updates. Supported management in organizing company-wide meetings.,"B.S. in Organizational Studies, State University, 2019",synthetic_resume_18.pdf
Aisha Khan,Email: aisha.khan@email.com,Phone: (555) 778-8990,Summary Software Developer specializing in security and encryption.,"Java, Python, C Network Security, Cryptography Penetration Testing",Security Software Developer | SafeGuard | 2022·2025 Developed encryption libraries for secure messaging apps. Conducted vulnerability assessments. Intern | SecureIT | 2021·2022 Automated security audits.,"M.Tech in Cybersecurity, Metro University, 2021",synthetic_resumes_15.pdf
Jane Doe,Email: jane.doe@email.com,Phone: (555) 123-4567,Summary Detail-oriented Data Scientist with 4+ years of experience in analytics and machine learning.,"Python, R, SQL Machine Learning, Deep Learning Data Visualization (Tableau, Power BI) Statistics",Data Scientist | Acme Analytics | 2021·2025 Built predictive models for customer retention. Automated data pipelines using Python. Data Analyst | DataWiz | 2019·2021 Analyzed sales data to optimize inventory.,"M.S. in Data Science, Tech University, 2019",resume_01_Version2.pdf
Thomas Müller,Email: thomas.mueller@email.com,Phone: (555) 567-8901,"Summary Experienced professional focused on talent management, staff development, and organizational compliance. Consistently ensures smooth internal processes and positive team dynamics.",Talent Management Performance Evaluation Coordination Compliance Documentation Staff Training Benefit Program Administration,Team Development Coordinator | EngagePlus | 2021·2025 Led initiatives for professional growth and staff recognition. Organized performance review cycles and prepared related reports. Maintained compliance records for internal audits. Operations Support Specialist | GrowthPath Solutions | 2018·2021 Managed benefit programs and facilitated training workshops. Provided ongoing support to management and staff.,"M.A. in Leadership and Management, Eastside University, 2018",resume_generic_05.pdf
Daniel Ivanov,Email: daniel.ivanov@email.com,Phone: (555) 445-5667,Summary Software Engineer with a strong background in DevOps and automation.,"Python, Bash, Go Jenkins, Travis CI Docker, Kubernetes AWS, Azure",DevOps Engineer | AutomateIT | 2021·2025 Developed CI/CD pipelines for microservices. Automated infrastructure provisioning with Terraform. Software Developer | CodeSprint | 2019·2021 Built automation scripts for testing and deployment.,"M.Sc. in Software Engineering, Global Tech School, 2019",synthetic_resumes_12.pdf
Sara Müller,Email: sara.muller@email.com,Phone: (555) 777-8899,Summary Experienced Data Scientist with a passion for sports analytics.,"Python, SQL, R Machine Learning (XGBoost, TensorFlow) Data Visualization (Plotly) Sports Statistics",Data Scientist | Sportalyze | 2021·2025 Built player performance prediction models. Visualized game statistics for coaches. Junior Analyst | ScoreData | 2019·2021 Analyzed match data for insights.,"M.Sc. in Data Science, Central University, 2019",synthetic_resumes_07.pdf
Sonia Patel,Email: sonia.patel@email.com,Phone: (555) 456-7890,"Summary Resourceful operations specialist with experience in staffing, team support, and policy implementation. Strong focus on improving workplace efficiency and employee engagement.",Staffing and Interview Coordination Benefits & Compensation Support Employee Communications Dispute Resolution Policy Documentation,Workforce Operations Coordinator | PrimeWorks | 2023·2025 Coordinated interview schedules and candidate communications. Supported benefits inquiries and assisted with payroll tasks. Maintained up-to-date workplace policies. People Support Assistant | Unity Group | 2020·2023 Provided support for employee relations and dispute resolution. Helped organize staff events and training.,"B.A. in Communication Management, Riverdale College, 2020",resume_generic_04.pdf
David Brown,Email: david.brown@email.com,Phone: (555) 667-7889,Summary Game Developer with a passion for interactive entertainment.,"C#, Unity, Unreal Engine 3D Modeling, Animation Game Physics",Game Developer | PlayTime Studios | 2021·2025 Developed 3D games for PC and consoles. Designed game mechanics and physics systems. Junior Developer | FunGames | 2019·2021 Supported updates for mobile games.,"B.Sc. in Game Design, Digital Arts College, 2019",synthetic_resumes_14.pdf
Jordan Lee,Email: jordan.lee@email.com,Phone: (555) 123-7890,"Summary Professional with a strong background in team development, employee support, and recruitment. Experienced in fostering positive workplace environments and streamlining onboarding processes.",Talent Acquisition Staff Training & Development Payroll Management Conflict Resolution Policy Administration,Talent Acquisition Specialist | BrightPath Solutions | 2022·2025 Oversaw recruitment campaigns to attract high-quality candidates. Enhanced onboarding programs for new team members. Coordinated employee satisfaction surveys and follow-ups. Personnel Coordinator | TeamGrowth Inc. | 2020·2022 Managed payroll processing and attendance records. Facilitated training workshops and career development sessions.,"B.A. in Business Administration, Metro City College, 2020",resume_generic_01.pdf
Raj Patel,Email: raj.patel@email.com,Phone: (555) 223-3445,Summary Backend Developer with expertise in cloud-based systems.,"Python, Django, Flask AWS, Docker, Kubernetes PostgreSQL, Redis",Backend Developer | CloudWorks | 2022·2025 Designed and implemented RESTful APIs. Automated deployment pipelines with Docker and AWS. Software Engineer | DevPro | 2020·2022 Maintained backend services for e-commerce platforms.,"B.E. in Information Technology, City Institute, 2020",synthetic_resumes_10.pdf
Priya Nair,Email: priya.nair@email.com,Phone: (555) 555-6677,Summary Motivated Data Scientist with strong background in retail analytics.,"Python, SQL, Excel Customer Segmentation Regression Analysis Data Mining",Data Scientist | RetailIQ | 2021·2025 Developed customer segmentation models. Performed market basket analysis. Data Analyst | ShopSmart | 2019·2021 Generated insights from sales data.,"M.Sc. in Statistics, Urban University, 2019",synthetic_resumes_05.pdf
